Subject,Start Date,Start Time,End Date,End Time,Description
"Product Development","2025-06-30","09:00","2025-06-30","12:00","Code review, bug fixes, and feature development. Update project documentation."
"Testing and Planning","2025-06-30","13:00","2025-06-30","17:00","Test new features, commits, and plan development sprint."
"Research and Roadmap","2025-06-30","18:00","2025-06-30","20:00","Research technologies and update roadmap."
"Marketing and Content","2025-07-01","09:00","2025-07-01","12:00","Instagram content, video demos, update social media."
"Content and SEO","2025-07-01","13:00","2025-07-01","17:00","Blog writing and SEO tasks."
"Community Engagement","2025-07-01","18:00","2025-07-01","20:00","Engage with the developer community."
"Business Operations","2025-07-02","09:00","2025-07-02","12:00","Financial review, customer support, analytics."
"Partnerships and Admin","2025-07-02","13:00","2025-07-02","17:00","Partnership outreach and administrative work."
"Strategic Planning","2025-07-02","18:00","2025-07-02","20:00","Strategic planning and market research."
"Sales and Marketing","2025-07-03","09:00","2025-07-03","12:00","Update pricing strategy and sales outreach."
"Content and Community","2025-07-03","13:00","2025-07-03","17:00","Content marketing and community building."
"Networking","2025-07-03","18:00","2025-07-03","20:00","Virtual networking and industry research."
"Launch Preparation","2025-07-04","09:00","2025-07-04","12:00","ASO, channel updates, and release preparation."
"User Acquisition","2025-07-04","13:00","2025-07-04","17:00","User campaigns and performance optimization."
"Week Review","2025-07-04","18:00","2025-07-04","20:00","Review week and plan next steps."
"Community and Learning","2025-07-05","10:00","2025-07-05","12:00","Engage with the open source community."
"Personal Projects","2025-07-05","13:00","2025-07-05","16:00","Personal projects and content creation."
"Weekly Review","2025-07-06","10:00","2025-07-06","12:00","Weekly business review and planning."
"Planning and Vision","2025-07-06","13:00","2025-07-06","16:00","Plan the upcoming week and long-term vision."
